6.688421001698641177e-01,-8.901092096541329823e-02,-3.973089730024472743e-01,4.562873882502760381e-01,6.859289411925761915e-01
-1.979398156514759366e+00,8.841341627694432326e-01,1.635287305924110424e+00,9.029060390576566508e-01,1.385625592886535307e+00
5.058781354398980135e-01,-7.841929990443515797e-01,-1.967206192962722699e-01,-1.879361750481613136e+00,1.585061207349670376e+00
-8.736091119744164857e-01,-3.746126168825307801e-01,-4.446477159501913134e-01,1.030363229469369424e+00,-6.469847261457448706e-01
-1.128894943278586638e+00,-1.075198132605159618e-02,2.988190465821083386e-01,-7.414002588062463817e-01,7.141328334758877405e-01
1.652153712247438788e+00,-3.295676088063620668e+00,-2.212495161017336009e+00,-4.783974328034852896e-01,-3.006681807059836675e-01
-8.563148009533745331e-01,1.641152041710758347e-01,2.152338714049255586e+00,-6.490888886719120565e-01,-7.518546373961108031e-01
7.042072548671192145e-01,-1.743239594758442923e+00,-9.595636586506228749e-01,6.173238618607409522e-01,8.113634002692424740e-01
1.224647857918491400e+00,7.741338847316892036e-01,6.710264911757071182e-01,1.680841002626667580e+00,1.093844194462275432e+00
-1.853825009220154918e+00,9.573789675872848015e-01,1.966672996850820976e+00,1.973926092227199725e+00,-1.355660051363110075e+00
-1.753163771475723665e-01,-8.530119815994241517e-01,-8.771056901378709858e-01,-1.131532033634436996e+00,-9.205818757450630330e-02
-1.134964339958630664e+00,2.291947115096489296e-01,9.764833360663782713e-01,5.714295594288296698e-01,-3.288412103662335939e-01
1.259720787596431135e+00,-6.843798397042750725e-01,-7.817415275053740675e-01,-1.422526337875375246e-01,2.423214325804642133e+00
-1.852089360322543010e-01,-1.203784053614646021e+00,-3.498791754597730952e-01,-1.769707912125114690e+00,-3.786038052643516116e-01
7.066842613944153140e-01,1.554070532468135202e+00,-3.111500232659143439e-01,1.699841232528900070e+00,3.433310184972114820e-01
4.115699944374158203e-01,-2.285044711392908434e-02,4.723055146998861864e-01,-6.604776047259185434e-01,1.478219550273967009e+00
-7.724988578793663407e-01,1.227781645199468169e-01,2.020214565776255355e+00,-1.178739509632216464e-01,2.328628949110339796e+00
-1.746233903087027750e+00,1.878173735153878754e+00,1.796398770394075584e+00,1.118481812101875139e+00,-1.975640949898743448e-01
-7.932930758500433832e-03,-6.346153460105712352e-01,1.388556544488122713e+00,-1.274126688421460818e+00,1.245335771226776106e-01
1.161968811957949432e+00,-9.165960429175875612e-01,-3.011283982910063717e+00,1.054090281764633374e+00,5.179583513684508089e-01
8.663298985433547372e-01,9.166945644791588688e-01,4.963976433570940205e-01,2.213429434545347796e+00,2.040158884872229184e+00
-1.041456301190473388e+00,-7.362971871451896577e-01,3.135535922241283746e-01,2.135974226835636591e-01,4.958981025067387138e-01
-1.243914885630128309e+00,-9.639657369732097525e-01,-3.317074674641888876e-01,-1.193334234408150119e+00,6.098180624852036491e-01
1.200007436684364714e+00,-7.381433613944494709e-01,-8.862852076209398744e-01,9.587732458402287161e-02,1.279822032669900300e-01
1.628347587118242235e+00,-1.970269512157840908e-01,-4.555501472878622504e-01,5.452092432186215337e-02,-1.461413529606706563e+00
1.984337239838002143e+00,-1.302234757367792373e+00,-8.234123028475223149e-01,3.465754992302222393e-02,1.925948930617498722e-01
-1.297781953014042866e+00,1.658133123370637008e-01,-6.906878990959524067e-01,8.505916099906773997e-01,2.398277771852205476e+00
2.873674294458124834e+00,5.942029023875289306e-01,-5.473683989645489190e-01,-7.885453595265867754e-01,2.316190686315264258e-01
-1.297644691614651347e+00,1.905051187512198929e+00,2.142845959979990944e+00,1.187146685317371109e+00,-1.643353059497446811e+00
2.545839377897660127e-01,-4.210172507754251781e-01,-2.891992470063766696e-01,2.665067705845903800e-01,5.419893078888480265e-01
-2.911334965077798653e+00,1.098845277343775573e+00,1.910783357184064890e+00,8.431824594362986869e-02,-2.038279614713507382e+00
5.059343766601607228e-01,-3.924061085406647664e-01,-1.738443401902549201e+00,6.148892036973837572e-01,1.056119810365031775e+00
-1.025349070242704830e+00,1.498896753702428919e+00,-7.265432554127901899e-01,-1.312560975689733400e+00,-9.295227858081511751e-01
-4.225977726972554582e-01,4.588905194432765233e-01,-2.979182148091241711e-02,-8.553270244800520450e-02,7.626266315322826062e-01
-1.378371571539579676e+00,-5.071019506612013394e-01,-8.849117148119637344e-01,-1.298089940075567439e-01,5.686981159114687934e-01
-3.069049024065589881e-01,9.148067431983859521e-01,2.069844579944269736e+00,-1.196943650766490036e-01,-1.275528386093929933e+00
-6.165980721750177196e-01,1.374566898780138269e+00,2.627186416361579013e+00,7.011251628801217217e-01,-1.483178865237642974e+00
-2.078022052214844262e+00,-4.921390265823238908e-01,1.559018360622234090e+00,1.510257561095524004e+00,-1.288943713710738237e+00
-1.025884255009772428e+00,-9.526925009818332235e-03,1.495664336013732054e+00,-3.580525453225814059e-01,-2.073214744059622472e+00
-1.585367787728277467e+00,1.326533164161869616e+00,1.552115565094414951e+00,-1.230640047476501131e-01,9.484151039939460182e-01
6.399827112758864622e-01,4.296316573701213226e-01,7.910273176703850329e-01,1.549705185751080183e+00,9.986155198552358614e-02
-9.680522967068766471e-01,1.003415564674144722e+00,9.367616230286599510e-01,5.865581768114784822e-01,-4.593642231161876865e-01
3.510969883033048244e-01,1.585065971489374004e+00,2.019714931083054221e+00,1.102958886434427299e+00,8.445073081941850690e-02
-5.253982061700137457e-02,3.779579964159194283e-01,-5.932570454037655594e-02,-4.377327076240317832e-02,2.279882886308252643e-01
-6.173245592436755746e-01,1.557980349192856218e-01,8.363558523983083415e-01,-5.821813538152253997e-01,-1.049894547978356352e+00
9.825291340984698696e-01,-5.549220452177144880e-01,-7.997839141669080831e-01,-6.188367286462543859e-01,-7.421836954038217860e-01
1.876257953444341764e+00,-3.328480434041896530e+00,-2.969815185426772697e+00,-1.672887715806636866e+00,-1.935695743280646752e+00
2.319991682649630294e-01,-1.388723533967727963e+00,-8.716365703778850005e-01,9.415993578736109315e-01,6.394238103128441209e-01
1.918072151394166133e-02,1.332144885590962113e+00,-9.100235574206894107e-02,4.211769881654069403e-01,1.602656112726592808e+00
-3.579685033987137999e+00,3.050843190599773491e-01,2.428122705315977736e+00,-2.889377832812129419e-03,-8.075236828741462203e-01
3.112322839800706897e-01,-1.577611610813609122e+00,-1.171857433153973282e+00,-4.334485362755994275e-01,1.104631152569645502e+00
2.544319522409476675e-01,6.774454077713226718e-01,-7.710066734804693622e-02,1.330250596393519835e+00,-7.582146851574101953e-01
1.505569148348186559e+00,-3.799272580705561619e-01,-6.717653377289465322e-01,4.556431699661888657e-01,2.543522507119896914e-01
-6.179553255915790633e-01,6.307470303833874470e-02,-5.928641873640136950e-01,-5.807962498832244108e-02,5.030865960653247981e-01
-2.734523733933027501e-01,9.706755323110314304e-01,1.892656415789445656e+00,-1.866121644490283393e-01,1.930347213420404717e+00
1.477836461926309852e-01,-1.113869082506568464e+00,-1.483302620991482357e-01,-4.101425255348023491e-01,-5.061105454442537122e-01
1.103213334226431863e+00,5.007771616205887177e-01,-4.243812000404090234e-01,8.247240231685739609e-01,6.226531444363435641e-01
-1.712585241097370758e-01,-8.289554322067319569e-01,-1.757471299852404023e+00,-2.560446861463189783e-01,-3.792023614761668715e-01
9.326390907849115841e-01,-1.793072215419630577e+00,-1.071299164894533140e+00,-1.787262723908139561e+00,8.498796857598012178e-01
-3.010352266882578842e-01,6.071795798512454878e-01,-3.962833067598017234e-01,4.950998757992722266e-01,1.492105889084750725e+00
7.812295510931167586e-01,1.778173323689330454e-01,-8.541808860636974643e-01,1.335791259555863641e+00,3.371714518845737585e-01
-4.088204094738050465e-01,-1.411944143711359456e-01,-3.872899144058731813e-01,4.453198312141521398e-01,-9.454901542625269162e-01
-1.963799379317185512e+00,-4.837878628486044774e-01,-4.426782627056158326e-01,-5.179033140331734675e-01,7.237954299306628148e-01
-3.437209421933124620e+00,5.827181471191710260e-01,2.910332588572691392e+00,-2.789292249514351840e-01,-3.511887214688270281e-02
1.752894747063460379e+00,-1.561143299408429330e+00,-2.643106067581701080e+00,-8.884733203161075329e-03,-4.999496472782563594e-01
9.558284280716811132e-02,-1.052674478295160476e+00,1.331115966588485744e+00,3.377433109966755942e-01,-4.421821602979039700e-02
5.079141412456764648e-01,2.352182021585290883e+00,1.824490027657362123e+00,1.274922499649008056e+00,2.406327403567850853e-01
3.163569251561332285e-02,6.135275123078605120e-01,5.031021308908122380e-01,1.575290004539632749e+00,5.122014078768507561e-01
2.018467970536527822e+00,5.092489545094808223e-01,-5.597402100263073610e-01,2.380044814944555498e-01,-9.181978372128178634e-02
-1.775792413639042611e+00,1.537965910661103219e+00,7.733404422498105779e-01,-2.539048782162540152e-01,-1.131057219136871739e+00
-5.434345072601401982e-01,3.063949320064157655e-01,1.694669097222470666e-01,2.022655040118457870e-01,1.989170204583941226e+00
-2.580861215198366754e-01,3.692449841792433407e-01,1.868697238535871552e+00,3.282646106943259423e-01,-7.708097755074556554e-05
-1.917466241195833643e+00,5.014227252932718093e-01,-1.307210509596117731e+00,-9.335310771754782300e-01,-4.962323719920961884e-01
-1.375978093848447548e-01,1.035619653317787936e+00,6.675390544801763637e-01,7.061620138517640810e-02,2.666130326096768921e-01
1.720078259057393755e+00,-1.372939884203885574e+00,-2.098073084368341501e+00,-4.970105938997644857e-01,-1.791720900465276767e+00
2.017340140703219653e+00,1.023744338523411845e-01,2.553588236713379839e-02,1.119649179533995120e+00,-7.665106318464995905e-01
-3.392517127437082447e-01,-8.471213160099047013e-01,8.438686115634644880e-01,-4.480366015353589026e-01,1.415559592283842871e+00
-2.080801254608041884e+00,9.299915759523862402e-01,1.772108271786696942e+00,3.445603216897420440e-01,1.033145393896361508e+00
2.672250633615392279e-01,1.994798995871568947e-01,-4.284065881513681173e-01,-6.813148305022073137e-01,-3.728134262708041602e-01
-8.768440769849434879e-01,9.296308545094316145e-01,1.385276067290335034e+00,-7.613450890063518939e-01,-1.016366637664004369e+00
1.261413386748909460e+00,-8.033121917052136185e-01,-8.651868647369056475e-01,5.350006388177005467e-01,-2.083929720115874851e+00
1.418841621962994903e+00,-5.593982327479345429e-01,-2.450794753925260305e-01,-1.627468103358229223e+00,-5.743314917302184686e-01
1.318335813473992424e+00,2.107845470222778073e-01,-8.144994659456394892e-03,1.398706544584010780e-01,-7.080786976689299461e-01
4.154870246254540600e-01,1.091509824553949404e+00,-9.571772413682562153e-01,1.237238933825746567e+00,1.720431303539000867e+00
1.115197915191444844e+00,6.331677220361930924e-01,9.557691648029189579e-01,6.185525423964711722e-01,-1.473378959544553890e+00
-2.061460728851004287e+00,5.501458037632495079e-02,1.322363419758161962e+00,5.257576861411897839e-01,9.464841145321900573e-01
9.241009680628561318e-01,-3.657355522381425805e-01,1.251012915845295392e-02,4.538497174977061954e-01,9.443961169933365873e-01
-1.119351349239229076e+00,-1.236900499380136242e+00,3.891049865589730761e-01,-2.125750780283739150e-01,-2.196776557037316002e-01
-1.430047416427336904e+00,8.059234714266791944e-01,7.513148905478912454e-01,1.139793002591066307e-01,-5.150363559546998760e-01
-2.225084599305123145e+00,6.726539134523685792e-01,3.682591213856753143e+00,1.183405632600094348e+00,-1.736054667784689975e+00
-9.599393209058588727e-01,3.531593427719732503e-01,1.570305241785491912e+00,1.832371126224181079e+00,2.622464162775012042e+00
6.282913443161138867e-01,1.650421161530081893e+00,4.949507661150049920e-01,1.197759158895778109e+00,2.727165700789587963e-02
-5.252473140326087142e-01,-4.818661451580952826e-01,6.335830504407613528e-01,9.019503632713419261e-01,1.798978236972878397e+00
-9.271297628385553047e-01,5.091310542349978263e-01,1.643923911486131040e+00,-1.059237229740989550e+00,5.321285290645235699e-01
4.089472292459356284e-02,-8.410305227158534347e-01,-8.083728685948943227e-01,-5.103952952385619746e-01,2.664043761553713252e-01
3.470633730972769726e-01,-1.391028169924033442e+00,-8.479781063360758431e-01,-1.353147668288636751e+00,1.678013386285632791e+00
4.738206270898221995e-01,2.191892599383778173e-01,-6.243837283590942810e-01,8.477258173575145106e-01,-1.079996262734621348e+00
2.428159731240834285e-01,-6.331325119455138983e-02,1.383992080837940675e+00,-8.804236683043803469e-01,6.682164674639610169e-01
-1.563032950660068643e+00,1.410098943140240646e+00,1.626797845382699670e+00,1.071335234840957495e+00,-2.771813724891174946e+00
4.738681671843641419e-01,-6.415302001025370293e-01,-1.166383742456768013e+00,-9.771546258442339594e-01,-2.362613695642941380e-01
-1.440225570574164893e+00,-7.667448046804641315e-01,5.253094606650418052e-01,5.748139737198357802e-01,-1.911276765820104417e+00
-5.154660705999851711e-01,-1.276230348927649416e+00,2.580733828502245197e-01,3.588130051336727022e-01,-2.710861052583447561e-01
2.310555968643181579e+00,-5.764645285131130281e-01,-1.915486909331388876e+00,-2.525701752759130225e-01,-3.496834870814325424e-01
5.864786567939771489e-01,1.381581393971824390e-02,5.558672046127716149e-01,2.041052742088035887e-01,4.253697099464429088e-01
2.509249944100652829e+00,1.048830058773753793e+00,5.663810098086796696e-02,1.451824415187416006e+00,-9.714585898710895728e-01
-1.176126804297196404e+00,-4.491592853799882823e-01,-2.335167992849984386e-01,-2.522298609638683464e-01,1.917186241347470066e+00
-4.747392378457676587e-01,-5.624184995770981077e-01,-5.791701788994461086e-01,9.402716115003886266e-01,1.457255341941702809e-01
4.808986951051610892e-01,4.832405841366174126e-01,5.244015710372337269e-01,4.705092208833880907e-01,4.091547794892457235e-01
1.172732998331027288e+00,1.151554413645266450e+00,2.883257199327408093e-01,7.183981045627914341e-02,1.924768453800611290e-01
-1.177035377137896965e+00,-7.088674219264781140e-01,6.918806259417179527e-01,6.511847257444572934e-01,1.093818763321008802e+00
2.251395051206750431e-01,-9.027296566779424714e-01,1.682273686567744564e-01,4.064614100103357969e-02,-1.044715465935364129e+00
2.487159736116209885e+00,-5.251421152844819584e-01,-1.346005466135093087e+00,1.992555292838221748e+00,8.335332894768570089e-01
5.114589064280938846e-01,1.302738160228821496e+00,6.186197121576435531e-01,4.196904413827788893e-01,-7.533116342771982721e-01
-1.435375619579899897e+00,2.742064835680633750e-01,5.187861782061711224e-01,-7.358480877056099434e-01,1.172245214569461041e-01
1.414364785961819138e-02,-2.655747354548118055e-01,1.146092884729605466e+00,-4.222526263016217474e-01,-1.599971180314626873e-01
-1.485372154173713710e+00,1.177103130557865640e+00,1.164668994921804757e+00,7.040194175463384552e-01,-1.204587518337611352e+00
-5.705238783113220080e-01,1.718465353708240051e-02,5.686284464791269144e-01,3.806562220578217359e-01,1.536768066295844060e+00
-7.754473359401901078e-01,1.780042879054015259e+00,7.146694564869863209e-01,8.962014003221485670e-01,1.026297122252730620e+00
-1.588060872206874086e+00,-8.872843374890954093e-01,-9.085294843926250419e-02,-3.367739781084493900e-01,4.644285991393195534e-01
-1.308153719548738714e+00,1.439161836694211383e+00,8.104525375112179297e-01,8.320173570615250203e-01,-5.061753050840465118e-01
-1.001922174917122987e+00,1.408721141527488729e+00,1.522552256613772137e+00,-4.915709061813364200e-01,1.767063989765829957e-01
-8.277267100898009211e-01,-1.106920144812111984e+00,-3.040864842011479774e-01,-1.267266075544381643e+00,-1.310251210423299728e+00
-2.051245478425260060e+00,3.122409067663041715e-01,7.893851764703530005e-01,2.502738860708730861e-01,-3.183449140656839926e-01
5.702911795584970633e-01,-5.334111169438360278e-02,-9.577030477538043263e-01,1.151889832775823574e+00,1.216413437026208078e+00
1.637215183323429413e+00,9.663804429202422774e-01,-6.995228698803782619e-01,2.548510240977089225e+00,-9.505574072836552313e-01
-2.093245925339379809e+00,2.587950469338710313e+00,1.727394114767734745e+00,5.025979800186575197e-01,1.144070310867397300e+00
3.499429812978203658e-01,-1.678066974507749443e+00,-1.316178856016809062e+00,-1.716419436188467484e+00,7.062390241172208927e-02
8.635750971842280910e-01,-1.323039151029159477e+00,-1.744144996995927066e+00,-5.608422098937940747e-01,4.875210168281453593e-01
5.886231757451578783e-01,5.346181377189257455e-02,8.822325710933375253e-01,-8.375271190098459995e-01,3.194413711827851499e-01
-1.257609649366739246e+00,-1.773917646611117505e+00,1.029412410725015992e+00,-2.281438190724222270e+00,6.293216062473616645e-02
-3.483400000216117787e-02,7.403522443510374140e-02,1.458225651975454118e-01,-5.171202946380971249e-02,6.418831243932148212e-01
-7.908889181448632844e-01,9.672366520253681266e-01,7.657542433705795126e-01,9.862550777601600815e-01,-8.795955988584375218e-01
-3.780863220752488374e-01,6.347457470823516523e-01,8.420904166775416977e-01,-7.144516407437139227e-01,-1.616435687769688101e-01
-5.513966608088674004e-01,1.490344014629804148e-01,-3.226327163545998911e-01,5.485679962689854472e-01,-5.963051142811113259e-01
-2.023665908699737948e+00,1.930945595666783587e+00,1.718598502143432682e+00,1.346725235292176137e+00,4.970206309934409039e-01
-1.011892791930894209e+00,4.291916575479854390e-01,1.726771816413348315e+00,-1.660842039783747837e-01,2.026771033016699253e+00
-7.542884483961599384e-01,1.231353033380115036e+00,2.327821901631598411e+00,1.008701197142171546e+00,-5.503106836991288331e-01
8.685695703873993478e-01,-2.623128889189243917e+00,-1.152748223352376478e+00,-2.812707997104148649e+00,1.103131146431849174e+00
1.295301666115431738e+00,1.689599014767700247e+00,1.248472839951139113e+00,3.446430509639353268e-01,1.399413208742387837e+00
-2.957312807042064007e-01,-1.840449058279769734e-01,9.691505802904656908e-02,6.052665657352742506e-02,-4.799871406230995508e-01
-3.563179418709380375e+00,1.292958457033622111e+00,1.535575944866525600e+00,1.518721961278582944e-01,-4.963225524501928554e-01
2.543419596356382151e+00,-1.529789126812268307e+00,-8.267256326333857208e-01,-1.721382441323145773e+00,2.506141289179111276e+00
-6.881330106613355868e-01,-8.268155347408053801e-01,1.585791947614584751e+00,-7.696310533920546204e-01,-8.398419360169513403e-01
1.809472850703646385e+00,-1.804423530914839535e+00,-1.603598483212264059e+00,6.893093333941348044e-01,2.459895655776716872e+00
9.581401924699806116e-03,1.491459952918994247e-02,6.588605737613811852e-01,-1.948145278613039599e-01,-1.364358088188870166e+00
-2.364740259826021984e-01,-1.439691067586725270e-01,-4.743955815867260117e-01,1.522184213193798208e-01,4.904763943634452006e-01
2.070780872435844522e-01,-1.499096633186764560e+00,-1.987385538850770406e+00,-7.107665903448452394e-01,1.971515526072702695e-01
-3.358781385608451409e-01,2.385964935833731815e+00,1.613787136832323776e+00,1.742723330499095225e+00,-1.700433871892283122e+00
-4.134330083403729983e-01,5.331820093182346731e-01,2.328099790802268032e+00,2.393477469615943112e-02,8.470106734096932710e-01
-4.944584843644383998e-02,2.011583748319542286e-01,5.944424729558441811e-01,2.717429092370891586e-01,9.714624268018444420e-02
6.941775318340698275e-01,7.754096921597258829e-01,1.561291336158339815e+00,1.723734707043234504e+00,-9.649968030981709299e-01
6.866272462745466321e-01,-1.059132387023036026e+00,-1.450709764708801863e+00,-1.391202482142566588e+00,-1.206556075465267552e+00
-7.569634402211214419e-02,-1.218669886696055693e+00,-4.216954478022635344e-01,-1.194802894923687298e+00,-2.773331187406051779e+00
1.062112222942338757e+00,1.047946729789540343e-01,-6.793299189836037311e-01,-4.605969384375056541e-01,3.171213054667485487e-01
2.999443493284570383e-03,-2.934214646410145400e-01,-7.408070204135879244e-01,5.602528587406450933e-02,-5.976614391902344003e-01
5.051448496481401040e-01,-6.981451791318992184e-01,-6.533678341248623234e-01,1.065187860935221886e+00,4.714014501848723393e-01
-4.047679657132091657e-01,-3.496155454689666708e-01,-1.374922347900807917e+00,1.365151915113322234e+00,-1.885469025331100390e+00
-8.446020008892235476e-01,-2.297199670690844853e-01,1.552231944204058856e+00,-8.827282429893664739e-01,-5.298285485424464314e-01
-4.102175760931695558e-01,1.648376466068991242e+00,9.338291032428249760e-01,1.801787280705722916e+00,-2.408433877286680680e+00
-6.147739582265498992e-02,-2.350440028138395254e-02,-9.419304904595068306e-01,-5.502577989739840802e-01,-7.655602725795174202e-01
1.415246536816244127e+00,2.892326710562987957e-01,-5.587851174582331160e-01,1.419281922916809657e-01,-3.306207238338152443e-01
-6.968539442461005873e-01,9.108838257104373559e-02,-6.290928526433574586e-01,-7.943521647239019101e-01,8.269070753906576643e-01
3.545313750998036473e-01,4.044183823463834426e-01,5.444678940594203098e-01,1.069167619892685606e+00,8.321364321564661548e-01
5.743817324300403149e-01,4.028329613206205195e-02,1.424992943324546069e+00,2.224598131801699630e+00,8.258489367012724625e-01
1.291317042645984792e+00,9.144993828078150366e-02,-2.037954501807066165e+00,4.127294421849717621e-01,-5.726822904071753317e-01
-1.883593193788073439e+00,1.961280716302354676e+00,1.655782890913832572e+00,3.378886687891912155e-01,9.253149546484660259e-01
1.587949863206409851e-01,-1.359043309430068291e-01,-1.951774104860860004e-01,-7.839039122613342681e-01,-9.316080376929305462e-01
-1.377418180970803707e+00,9.831197469474234341e-01,2.492458908567393383e+00,-9.015239669541463829e-01,-6.668092307226004545e-01
8.790661582177022870e-01,-1.798605142121354472e-01,-1.551097566196740996e+00,2.082614708393545122e+00,1.867395055339144960e+00
2.565578956303721792e-01,-7.431890238573706231e-01,-5.363787415023529848e-01,-2.304445826894763183e-01,-2.174402048099616014e+00
9.087107860056786723e-01,9.409893321177045800e-04,-1.111154484180505886e+00,-1.976531934935793142e-02,-1.769693430026232639e-01
1.806093664721636793e+00,-5.388713247672265449e-01,-1.384522073597338476e-01,3.995580140421852722e-01,1.990065703860318669e-01
-1.838575424163511052e-01,-3.859634385681951496e-01,-1.268214686049558448e+00,-1.271378337115239621e+00,-6.495685321653673627e-01
-1.187162799728474605e+00,6.024755256169791462e-01,1.598585728810353990e+00,-1.842497375445715901e+00,4.989363757490236084e-01
1.468238666804502435e+00,-7.100717988851472651e-01,-3.378216098995162620e-02,-2.802911469682670131e-01,-6.593497241987230639e-01
-1.153946457985983720e+00,2.027254424790410625e-01,1.137348389574142082e+00,-1.777822118560568043e-01,5.150457201495811654e-01
8.445027491466732261e-01,-1.013427338234905495e+00,-1.298364618774575430e+00,-1.121196094198273041e+00,6.642103197411469706e-01
-1.923884040851301158e+00,1.133162261107404367e+00,8.137754639820538038e-01,1.024350443925531762e+00,4.447004595926327686e-01
-6.450212311513371377e-01,1.013578445933536853e+00,-2.950314271997545035e-02,-1.077057866761748750e+00,5.892962960805144812e-01
-2.868890804782308734e+00,9.020442308203792114e-01,2.042653921080550994e+00,3.965497745014981978e-01,-1.018095014929449038e-01
-1.249513448471353039e+00,-1.822706905197263749e+00,-7.444477990289954938e-02,-9.372663761076384104e-01,-2.513645463297915494e-01
-3.547010061934902092e-01,-8.308623897992106766e-02,-4.210032518019117820e-01,4.881017124569456689e-01,-3.663009106750397814e-01
5.008729556567655949e-01,-3.299794653427031710e-01,1.322874829504179672e+00,-6.330785550208948287e-01,3.954257047945642367e-01
7.158901573106395411e-01,9.455170146646800777e-01,6.323557242910434750e-01,7.797480025522562919e-01,1.745024754580410065e+00
2.745088922822837008e-01,-7.258904934034380307e-01,-6.986842181372318050e-01,-7.590572874651445590e-01,6.744559191699994738e-01
2.455351850762317767e+00,1.511969289143353379e-01,-7.031784594770570940e-02,1.169474157484226673e+00,2.114927320284164802e-01
-2.895305653617352704e-01,-2.326117618363591433e+00,-8.673410660390140636e-01,-2.278909772296969116e+00,-2.432960678639302377e-01
-6.024779798228097061e-01,-2.595056734815502919e-01,-5.924801954300408235e-01,1.316270880964762524e+00,7.052102634133120551e-01
9.902495099125352418e-01,-3.910557154070499197e-01,-1.432720533310813948e+00,-1.158731615691919875e-01,1.584509518324753508e+00
7.200868261704895801e-02,1.415014600897620767e+00,1.785010930416736308e+00,8.817822405717417045e-01,-2.280599585752397795e-02
1.697520959687094377e+00,7.802506063331310360e-01,-1.808421599224272924e+00,1.636501901460167385e+00,-4.237632119143130427e-01
-3.065410572408464596e+00,7.423403153190993864e-01,3.117109137082895387e+00,9.766328640824231133e-01,-1.607233971486658586e+00
3.684577831122686220e-01,-5.324797409931397718e-01,-1.405433706368354407e+00,-1.708987074893989488e+00,1.337001291489786636e+00
7.657097684536665616e-01,-8.935925554534961401e-01,-1.843318727960101100e+00,-4.370047706861421855e-01,-1.539694683198087555e+00
-3.622682012942329832e-01,-9.042035415977142110e-01,-3.216044173802284911e-01,-3.598733713390001587e-01,-2.744709922971840799e-01
1.409751149682533455e+00,9.652092378774025372e-01,1.293894066978963142e+00,-1.585187492283254063e+00,-2.337004702931453626e-01
1.248096288121538056e+00,-1.139294217593084912e+00,-7.991403832021622966e-01,-1.127587951132463573e+00,-9.563906510983818388e-01
-3.028829644969872170e+00,-3.978027725846747242e-02,-3.489140999628225215e-01,4.581187407708864900e-01,2.642449633897741013e-01
8.478863719377069952e-01,5.016353192041154152e-01,-1.346522111913359687e+00,1.086885523353215754e+00,-2.015130352248672541e+00
-1.262417362673328602e+00,3.916615060393939252e-01,6.477327612954418834e-01,8.738387799414878421e-01,-7.085013489246140550e-02
1.263692416144337916e+00,-1.813472107941787037e+00,-2.508265814817177031e+00,-9.458718114200975746e-01,-5.961749747849820480e-01
3.376633303704940081e-01,-6.698263453913302357e-01,-1.962774347665597885e+00,4.908407777524484983e-01,-3.239880596407276880e-01
-2.253880651764665011e+00,2.166916357938621474e+00,2.170305162463912474e+00,3.709057060707464659e-01,-2.221717274018816975e-03
8.387633442171438247e-02,1.448052320342188670e+00,9.272960196955982726e-01,6.930932349626152122e-01,1.341563531446058555e+00
5.683111357915948680e-01,-1.692059455652766609e+00,-8.827242277184392805e-01,-2.361342098951009660e+00,-1.170758829031000703e+00
-1.044804548501052643e-01,-9.614630054474027077e-01,-5.250743479434386574e-01,2.714420585505328831e-01,-8.966277268781193133e-01
-2.584506646568512922e-01,-4.201886604054637098e-01,-4.276256556761193206e-01,-6.155704347946023419e-02,7.277365075752624257e-01
1.058074194198761031e+00,-2.933108058893202141e+00,-8.752208913474153196e-01,-1.467241372763567142e+00,5.709974920001725796e-01
-4.838120661948918655e-01,-1.180065247615682766e+00,-2.532541375812535911e-02,1.710815263923149754e+00,-2.012130973385697907e-01
1.599888547388449433e-01,-3.438966230544269198e-01,-8.177669188829448377e-01,-9.156873775156407769e-01,6.598897461284939370e-01
1.342974004855870040e+00,-2.088216395536520054e+00,-1.501387330692417921e+00,-9.684839174324721967e-01,-2.765743809337037895e-01
-1.533842904079131264e+00,-1.829654756345187927e+00,-1.421391381242097074e+00,-1.310358051012646241e+00,5.959562383069709757e-01
-1.716816509586912787e+00,1.799096995401768595e+00,3.697597841613104563e+00,2.655374358804956536e+00,-7.125348996964967485e-01
-1.522555028090938345e-01,2.747531447988808551e-01,3.142904483937317139e-02,4.293851229965492955e-01,-1.490440232770461115e+00
-2.849975867582668076e+00,1.078589941003362807e+00,1.041608435340818373e+00,-5.426814669454960161e-01,-1.070437818284658837e-01
-8.852934855335825581e-01,4.916142362399003596e-01,1.029160790556545191e+00,-7.725704566012842056e-01,-1.534757375859333361e+00
1.106593580142756217e+00,5.222337081988975838e-01,-1.126329487452666367e+00,2.195636845137710347e-01,2.176886608494507769e+00
2.198012862979474291e-01,-3.392999051425289458e-01,4.634778717850763230e-01,4.214960067918375741e-01,-1.743903787410951756e+00
1.471561872806899096e+00,2.236476402326796453e+00,1.694822132930527747e+00,9.996199298597312488e-01,4.516336196294185035e-01
-7.687664141946342067e-01,4.626106839599266052e-01,7.461579101467206154e-01,-8.686681153269991684e-01,-5.830659420814180427e-01
-7.951033181846762776e-01,-6.218310937408022543e-01,3.319042804642598488e-01,9.311685575488780620e-01,-4.967514887745201335e-01
-1.332271406779609979e+00,2.039112021282097675e+00,4.165489037418780072e+00,5.892027751548745140e-01,5.949037705783990493e-01
-8.552572622720950868e-01,3.536977242384719000e-01,1.964487747093571990e+00,2.038592634572053086e+00,9.601980044448454876e-01
-2.816345478488544440e+00,1.911835437877866362e+00,5.496944632546273413e-01,7.955299453233845020e-01,6.744466669339115317e-01
-3.441279844717265446e-01,-1.131835591331235014e+00,-1.108515190507465276e-01,-8.237846716566024075e-01,1.028527053848008688e+00
3.228041831790681715e-01,-3.814191584390502765e-03,-1.349646147540711993e+00,-4.224291463728209184e-01,-3.659381670567117273e-01
2.623281798568438128e-01,-2.926574762551412690e-01,-1.288730746903288260e-01,1.657378526342579095e+00,-1.464778983335630391e+00
-1.283554905724513251e+00,2.929129018983370525e+00,1.509062155676807571e+00,-8.413615928833438617e-02,7.587278943999273828e-01
-1.672042436562683365e+00,1.634476985734322430e+00,2.668627941285631966e+00,-6.182371656343114141e-01,4.415614116001015388e-01
1.956217952469660126e+00,2.196122679845917691e+00,1.000136481323416593e+00,1.251774238960880137e+00,-1.327612000015892801e-01
-7.611196872620898946e-01,-4.040533815424733888e-01,7.472527301023500490e-01,1.062323652746659519e+00,-2.984962774936699148e-01
-2.782408107181908452e-01,2.076639985578889291e+00,9.354112902318441058e-01,1.004485128247772030e+00,-7.435599218634602048e-01
8.525998765581451755e-01,8.723516535576552045e-01,-2.065839224409915076e+00,-3.174864258560939918e-03,-1.707463909324844931e+00
-9.057290759351398490e-01,5.973924354638324719e-01,1.480191307175740212e+00,-6.910239255094456912e-01,1.827956841137665656e+00
9.976308831298918989e-01,-2.927233758518424378e-01,4.050843118876405469e-01,-1.203640479761503679e+00,8.468634074164392567e-03
7.388936281508968751e-01,3.761237566040184221e-01,6.821976485670914192e-01,1.036333587930724498e+00,1.788617754397150705e-01
7.685366149011210180e-01,-9.138447922520367417e-01,-1.528148569947939572e+00,7.573361697300566575e-02,4.286391611488386127e-02
-2.920518128670969160e-01,-1.193310366362957953e-01,-6.357088327995013000e-01,6.928754369120179724e-02,-2.179371310893873925e+00
-5.163678971519651828e-01,5.571170927916457849e-02,-1.274224696705650750e+00,-1.687191767348284799e+00,6.739004160651671516e-01
-3.235539320629637339e-01,-4.037032811777978569e-01,-6.365601177748132500e-01,1.385081029644992245e+00,-9.341591337711641074e-01
1.027498202972048746e+00,-4.344389439101471462e-01,-4.603709119383355697e-01,2.715712022914561555e-02,1.108902926879513501e-01
-3.470709544064948249e-01,-3.749127004235418559e-01,-9.438509205637299893e-01,-1.323686426957087381e+00,5.685588397340813893e-01
-1.114292857266375725e+00,-5.729306057327937518e-02,-5.150993549805935601e-01,-1.145692475433623736e+00,2.398022749890025007e-01
8.033229889593267448e-01,-3.711559976729554844e-01,5.202875998762341858e-01,1.206454555943341500e+00,-2.142110963466851370e+00
-2.994728822865764695e+00,2.470113319284934050e+00,3.763310096806025129e+00,2.170105562326368531e+00,-1.089748184059720959e+00
-1.494586866197504582e+00,-7.858389066551498825e-01,6.594367480097160783e-01,-1.041896855991979454e+00,6.327571474638452598e-01
-2.618618214755811247e-01,-9.030254073765640044e-01,-1.056613294797755787e+00,7.927366712602322840e-01,2.230164763862979849e-01
-3.280351421202765128e-01,4.224659526336409510e-01,1.321452546907016801e-01,-4.702337926726925521e-01,3.832787835581774605e-01
-7.051223294236391714e-01,2.815182869958857692e-01,1.382235440212267741e-02,1.745823968844269214e-01,8.459870774199590437e-01
6.017639224399795594e-03,-3.107334580543968938e-01,-1.196256328593721552e+00,-1.186074994720050402e+00,3.986566792978515905e-01
1.687454861844677634e+00,6.650600129527464155e-01,6.228407226882979320e-01,2.911636426976361158e-01,-7.283020583762727096e-01
-1.591894843150308159e+00,2.408661256061956912e+00,1.040686393606904847e+00,1.139918425835039439e+00,-1.001657123783060932e+00
2.089884782973209232e-01,-6.311369398688704280e-03,-3.913136632817408866e-01,1.048401206249327311e+00,1.633447338755744660e-01
-1.631115992208734378e+00,1.768634805078397765e+00,5.778126250439991063e-01,8.915452645066570536e-01,-1.120697889438764250e+00
5.488397922690890773e-01,-1.112447512200821054e+00,-5.400147872970220142e-01,-1.628893678521846355e-01,9.293009420226465700e-01
-5.979940747435261716e-01,3.542939376980509536e-01,9.409512984403360925e-01,4.167375214423533203e-01,3.974191579104455752e-01
-1.920811440409209148e+00,-8.269923685108392097e-02,2.680620479117281629e-01,-4.341790466066910992e-01,1.128617043259012132e+00
9.779648164938048449e-01,-4.508896824611605680e-01,3.249501685466621437e-02,-3.062177421492650459e-02,2.281818578588372393e-01
6.784713514412515911e-01,2.071637784591498832e+00,1.461930244813071988e+00,8.179975165621584665e-01,-3.018018632553778891e-01
7.610708199841640376e-01,-9.683134111616165107e-01,1.253523207883256330e+00,-8.301569184816774971e-01,-2.374117947122101335e-01
3.269021052787782766e-01,4.114307416488555136e-01,3.704718613578755759e-02,-1.121772857992390904e+00,-1.220239881339930665e+00
4.937481173127486467e-01,-7.012985312873687427e-01,-1.306503947312905312e-01,3.043400989411489954e-01,-1.736075133677397409e+00
1.388757573268363021e+00,-2.013746261964492468e-01,-4.639181546754213570e-01,5.790838608258874753e-01,-1.275036678478759011e+00
-9.161404161136843527e-01,-2.445616392032872177e-01,-7.580162272058035278e-01,-9.628618975979555961e-01,-5.176123066375526438e-01
1.300741663780578872e+00,1.626120910446128720e+00,5.472621745865211551e-01,9.027709635163552182e-01,1.705039601290611717e+00
-2.158604009254586398e+00,1.577879988857108451e+00,2.870643785234402223e+00,7.304900129947465848e-01,-8.479545273696048602e-01
4.109741209899818726e-01,1.965344513848246821e+00,7.917187404767734860e-01,1.105012169769027164e+00,4.898320084530096152e-01
1.496380229981613130e-01,2.036512099672772580e-01,-1.142627355167036507e+00,1.672929637277365877e+00,5.018417280263890445e-01
1.262644640774919669e+00,-2.644358548430216227e-01,2.470948826157366995e-01,-2.047197276663379473e-01,-1.351064137456260417e+00
8.825416083537090950e-02,1.184281337427582459e+00,1.498930159384723737e-01,4.819104927476473010e-01,1.518883067160937905e+00
1.017378655541035570e+00,-1.223342338058592160e+00,-1.359355986598341559e+00,-5.559660777234038953e-01,-1.309950419626000118e+00
-1.464963701466244217e-01,8.420529703339640903e-01,2.527218015804423956e+00,6.720074312240710279e-01,-3.790966473103651868e-01
-1.525879657319888061e+00,-1.285767261798640426e+00,-1.461230668559467150e+00,4.797815048255492099e-01,-1.167754096565679411e+00
-3.330640560684696716e-01,1.637681165726935006e+00,5.645829239114081854e-01,-3.366213404004189669e-02,-1.928869844026669833e+00
-1.231553150838466060e+00,1.630684017186849188e-01,1.387847829276094513e+00,5.330750211038221692e-02,-3.603124215269200015e-01
1.766251969695498580e+00,-2.828956424136451542e+00,-4.193918007299402007e-01,-6.894622135562621101e-02,8.667804372320770945e-01
1.122454615245873366e-01,6.460650854354258454e-01,-6.571324869558486936e-02,6.083414538747736744e-01,6.028042422515470511e-01
-9.063307781218405967e-01,9.219114253548936766e-01,4.109899964889320301e-01,-8.380551465858148141e-01,-2.058491533763558312e+00
-9.139899232607184842e-01,2.055099015878331103e-01,9.359631244142975204e-01,-1.090704220742894304e+00,2.914597922356765639e-02
-1.183690479748783719e+00,-7.665093851473187003e-01,1.439721430736313756e+00,-1.726929958626945538e+00,1.017161439053360317e+00
-9.441893445571714061e-01,-5.500041986806505356e-01,-4.521279631444843905e-01,-7.485169628950673060e-01,1.557933749836807102e+00
-5.542108648296532047e-01,1.912813755507941860e+00,1.130403620602310921e+00,1.227089260587046260e+00,1.435914383169221153e+00
1.635102402276044531e+00,4.905377155560819991e-01,-6.344923702286938694e-01,2.402252929695913586e-01,1.359149447822830536e+00
-2.291474224467028087e+00,1.778144743084182355e+00,1.920946072576455110e+00,2.320917819305234886e+00,8.456552070777280106e-01
1.478650917342383853e+00,-1.726086467742104391e+00,-7.641084511395996870e-01,-1.124696887086517050e+00,-9.994023362164674573e-01
-9.343206703903738086e-01,1.686993330402167590e+00,2.159529781455958641e+00,6.842150517471591309e-01,6.781353487803467271e-03
1.103995402835095396e-01,3.925254771901519613e-01,-6.293062119202823546e-01,-1.534440500590921186e+00,3.563779692857544368e-01
8.354283954481761532e-02,-2.022126399485081549e+00,-3.324474094490219578e-01,-1.070970246939966231e+00,1.140121786661260073e+00
-2.317122850006071655e+00,2.127225228522628520e+00,3.315658494665062239e+00,5.393019233343628871e-01,1.011993725972193392e+00
-7.707797671190166344e-01,-6.291420914060019687e-01,4.241788221084590305e-01,2.240586522727500973e-01,-2.610587354188411702e-01
-5.168904059601330259e-01,-1.020778664654021117e+00,-8.701283281748870557e-01,-1.126714599471339007e+00,-1.615432661677713710e+00
1.375439598527888219e+00,-2.750499374271830444e+00,-1.654227291632418551e+00,2.591509512791937420e-01,1.724810014765520094e+00
-6.108235197671587624e-01,-5.908767866931876611e-01,-1.643151702989144036e-01,-9.417867962842352281e-01,-9.760326152976331882e-01
-1.179056638427983028e+00,1.625841472624997230e+00,2.010118765276705410e+00,-1.217868913327580099e-01,-1.382412415415523288e+00
9.804531141546235506e-01,-5.713878673505227157e-01,1.121702820734858941e+00,3.520560986036881390e-01,7.994396677399128182e-01
6.135551091978563854e-01,-8.629559619101455636e-01,-1.173698216287867968e+00,6.893655032918467596e-01,-5.055568287575412656e-01
2.074959351751880510e-01,-4.402874151729011531e-01,7.935086325473306168e-01,1.877507477437347916e+00,-1.343803546011052008e-01
9.080097945387083369e-01,2.233293163567190209e+00,2.064304555994711521e-03,1.062131027824714108e-01,-5.047131207680577436e-02
7.149794679767712546e-01,1.000145239387768115e+00,-1.528104221567048171e-01,2.644076252227446355e-01,-3.687525071943583699e-01
8.785157451145535479e-01,-3.634478217372167919e-01,-2.362009320464849349e+00,2.889331066637237933e-01,-1.612276027642643550e+00
1.780989893401513147e+00,-1.014353395635567479e+00,-2.511562788608019958e-01,-4.197322921848302135e-01,-1.242133796666346601e+00
2.155023847283626948e-01,5.828031515847456046e-01,-5.563019412281727805e-01,7.066312215901157101e-01,6.864676750505942504e-01
1.261789525598667749e+00,1.499034419794810447e+00,1.892133954503113502e+00,-5.790222185923430548e-02,-1.175179120006140776e+00
1.101090468564861702e+00,-2.706329236852369036e+00,-2.606273943827895678e+00,-1.057623101060919169e+00,-9.149090328441318309e-01
-6.563692774703322463e-01,1.621370861272874997e+00,-5.014892397918546685e-02,-5.120874151685023135e-01,-4.033944689559344071e-02
-1.868784078172037733e-01,-1.033258836528577473e-01,2.865160694745920722e-01,2.104093565835032098e-01,5.618715031165448792e-01
1.598366692315779103e+00,4.361168431190666217e-01,4.211294634156028671e-01,-3.041433025754435304e-01,9.070887762338161742e-02
3.870981143249297984e-01,-1.386581926203225290e-01,-2.753149777440480617e-01,1.819086689842506765e-01,5.834363241727487104e-01
-7.038905824700718572e-01,2.161550775206231734e+00,2.175657686984770134e+00,8.497673857811971487e-01,-1.027498216158292538e-01
-3.474625634075334535e-02,-5.123993073351258420e-01,1.123895711974119527e+00,-2.213272703339455916e+00,7.043485576500757572e-02
1.003668849661646822e+00,7.437821723094412141e-01,1.912613676122035811e-01,3.128433558919335167e-01,1.077968489893650073e-01
5.158202155389561838e-01,4.647077380723206308e-01,6.318647791723974727e-01,1.564929367301462759e-01,4.763198444290974720e-01
1.463919932385727707e+00,-1.156713658844793713e+00,-1.445101285886157161e+00,-3.128831320245173964e-01,-1.915099521159191687e+00
2.444763344688839268e+00,-1.673518973498346607e-01,-1.147650229932328791e+00,4.404465578397142589e-01,-8.176412299350085400e-01
5.014065688724531622e-01,-3.673735017137096937e-01,-7.165565411190111256e-01,6.102606431337830040e-02,4.699066697854194508e-01
-1.260588318459157309e+00,1.376908057722385503e-01,-8.435345141668207924e-01,-2.986845027070327840e-01,-1.626595903681294475e+00
-7.023415348154532500e-01,1.071424304897170332e+00,1.687208921115645355e+00,1.520744078524612020e+00,8.744144425388492570e-01
-1.575429479726818127e-01,1.378365313913092749e-01,8.151191236751703650e-01,-1.910262650544274632e-01,-8.604464513887446486e-01
2.122491200710855175e+00,-2.666457830619536562e+00,-3.021617409431655688e+00,-1.235217042848747893e+00,1.503258277260173525e-01
4.262815763491221155e-01,-2.277675155774747662e+00,-6.162669468571602138e-02,-3.378050564222636054e-01,2.262989234818552298e+00
-1.772122302664582927e+00,-1.077163179855141539e+00,4.035760116701988531e-01,-5.609105226106462228e-01,1.165481720957699308e+00
-4.922575466211143169e-02,2.792211737235561486e+00,1.485527138364706401e+00,-6.088225297395056801e-01,2.717927351145143500e-01
1.239619863328648819e+00,2.002902811142360795e-01,-7.180762104254467815e-01,-1.169108399983738833e+00,-2.793048592149227183e+00
1.789186420909056885e-01,-1.007079903526204134e+00,-3.069234949862625683e+00,-1.376048004682951742e+00,1.395684664517217843e+00
-1.448177494284150102e+00,1.185072239075533274e+00,2.097365161968079761e+00,1.168303887166637578e+00,4.698727552579049505e-01
1.579250961340499693e+00,-2.654342190581122640e-01,2.787277192440371087e-01,-2.761601756942315689e+00,-5.976909869193062219e-01
1.335792563152512269e+00,-1.455032879253623346e+00,-5.877898572259192544e-01,-1.162677381990127490e+00,-1.656867165688625354e+00
-3.919806383953510220e-01,3.433216664131415463e-01,5.635432875266507824e-02,1.370027526358904568e+00,-3.834496559758846512e-01
-5.318279816765969503e-02,6.136349466208970149e-01,1.191041387895941828e+00,4.268599493362573716e-01,7.423037298349195456e-01
9.685200391934137842e-01,7.016073377155875868e-01,-1.281845086527444444e+00,3.212561812418325280e-01,-1.982305704984911876e-01
2.234591431746726087e-01,-8.853272555554914103e-02,-1.491556383789632290e-01,-1.017317799904406073e+00,6.505455314532767597e-01
-1.275195595433858742e+00,1.676360759911435849e+00,2.071938722280199929e+00,8.089693917253041322e-01,1.692960734637944720e+00
-3.692905019908252484e-01,3.647040648783252403e-01,1.301939132650845599e-01,-6.977922049805596050e-01,1.117150073983380176e+00
1.109846804265450793e-01,1.048369725949200193e+00,-1.210497931987560172e+00,-4.565324058919340566e-01,5.726005365667119484e-01
1.519271308730859860e-01,4.401002181616676667e-01,3.884414793124452148e-02,1.251101621316946799e+00,-3.070469194173796046e-01
-6.722170904669478864e-01,1.582555046042004032e-01,4.979926058570414149e-01,1.615210128701259906e-01,2.079117279638370563e-01
-2.996757075554555838e-01,4.882719615654946277e-01,3.652994613526050482e-01,-7.068368402605482714e-01,-1.829902522985132451e+00
-1.826419835525312729e+00,1.178491806193195934e-01,-4.949087078633656045e-01,-3.963490752755415292e-01,-1.114614574670581115e+00
-1.256381300813874002e+00,-5.299415604343873376e-01,-9.815650269403120021e-01,1.032905319321703486e+00,-1.804145157932412480e-01
-1.728091051572860692e+00,1.407813151071009461e+00,1.292882577022284929e+00,7.091076439031498424e-01,-1.668285607591253550e+00
-4.172911097524587554e-01,-3.190055114434739436e-01,7.941534710121163076e-01,-3.987843418005967422e-01,1.054815085962715671e+00
-7.398448581024064108e-01,4.816708586019683991e-01,-8.866902817123687441e-01,1.160249023137323920e+00,6.331846446318982746e-01
4.927567521668679840e-01,4.285154791689561593e-01,1.588169370220210652e+00,1.066397090632470901e+00,6.887668895362761834e-01
-9.004563866626373869e-01,5.183587922146005722e-01,1.480582481424519703e-01,-1.463097443064367731e+00,-1.509144845011686220e+00
-2.767226974000055462e-01,2.067277041140551219e+00,1.049625525262408487e+00,5.799232778042449077e-01,-2.271756898726500495e-01
-3.812449562816060955e-01,-3.823307797668819563e-01,5.678190750778306928e-01,-2.460595964330109797e-01,1.248993521266894557e+00
2.329180734999825031e-04,4.318057473452526773e-01,-2.628506946537460531e-01,7.132734107470288798e-01,3.603366443866602431e-01
6.627864930945770450e-01,6.712091299676522516e-01,5.548488003768903276e-01,1.855257705124430390e-01,1.591443995768144701e-02
9.444923470895600914e-01,-6.696180784334765379e-01,2.674256420003569001e-01,1.175371130136612097e+00,1.329741318220511781e+00
-6.843527479137240244e-01,-1.270210943120404945e+00,-5.644178200015894653e-01,-1.064834393877500007e+00,-7.537253044351701625e-01
1.862005469854333128e+00,-1.429941412348395002e-01,-1.379122407036374343e+00,-9.809213728247077047e-01,-1.937926931818594989e+00
1.449387960142924481e+00,5.636121021380438023e-01,-4.370908103817915391e-01,2.254518452806071327e-01,-4.745931036538090231e-01
-1.591222412049432045e+00,2.268871634280829053e-01,1.268887384620952741e+00,-1.953373918903525297e+00,-5.134003588251905698e-02
1.046823476925220042e+00,-9.887526077497990062e-01,-1.825565479951484882e+00,-4.150420395836487697e-01,2.717630115532902457e-01
5.690701700889539971e-01,-5.932991114321845005e-01,7.490941622335904881e-01,-3.560564992829268194e-01,1.385766270567444947e+00
2.730328960226689472e-01,1.530347998075773264e+00,6.387243784737065555e-01,-1.249512425565145052e-01,-8.086908217248780020e-03
-5.262175099543415779e-01,1.709746569411441097e+00,3.394643563885559878e+00,8.308318170566288963e-01,5.193092682278802608e-01
-3.279936366872650000e-01,-1.288203563886604952e+00,-1.271548974406678800e+00,1.544619710189564510e-01,1.740258054327457615e-01
1.090394345760342887e+00,-2.396450964390715865e-01,5.195685198461085230e-01,1.378697699382669117e-01,-6.561628841832345405e-02
1.102369658247660311e+00,-1.665798439291188204e+00,-2.457383157650489647e+00,-3.508819475458557768e-01,4.138256069295352391e-01
1.914814670355420745e+00,-3.904377857272292585e-01,-7.169618392982022304e-01,-1.881595544166787981e+00,3.360888813676816689e-01
4.540914927785233424e-02,-5.258088221689700692e-01,-1.688018654495277993e+00,1.062386872585795033e-01,-6.931822052585732141e-01
-4.075388773984349733e+00,2.146400552790289851e+00,3.371044091511726570e+00,2.429767571941253423e-01,-3.832923343988289822e-01
1.439525876714879749e+00,-1.275077609411914559e-01,-1.196111392900343962e+00,-5.297321100874059496e-01,-9.981486711762590502e-01
-2.132609612768472385e+00,5.772310092108915436e-01,4.416802737568971127e-01,1.297668519966142853e+00,-6.850771300143257969e-01
-6.375444068315156976e-01,4.368763508728712441e-01,1.872953834289962094e+00,-8.061057011927174054e-01,4.878680530796198900e-01
3.814507084387379621e-01,1.895542464379549985e+00,1.743831785868835027e+00,-3.378308395739302306e-01,-1.117698841915417685e+00
1.607738814980919362e-01,4.599299660300964487e-01,2.769780636315711253e-01,-4.536682121274995261e-01,7.357078023442228387e-01
-3.211645609743720153e-01,8.528687840965065714e-02,-4.183013875543966087e-01,1.100547834889426202e+00,-6.381411913414446468e-01
8.445190420772180628e-01,-2.144145927423656062e+00,-1.824927883580337751e+00,-7.083106863862493885e-01,-6.179736693171706576e-03
1.637669146016507149e+00,1.973476371110369776e+00,3.918335970837605320e-01,5.718573981806727990e-02,2.375237703358021035e-01
-9.970203519894305089e-02,-8.293622327561224195e-01,-1.715389774834839454e+00,-7.815239962228162085e-01,-1.034330803657645403e-01
-1.417519245601734479e+00,-5.779443050180054220e-01,-1.119402871629715301e+00,-9.665037935629415822e-01,4.550357310000108790e-01
-7.075471328419813410e-01,-1.198682396948147710e+00,-1.473708782593240230e+00,-1.876301767954500876e+00,5.550078323476274368e-03
-3.795706250573915863e-01,-5.984364054106169339e-01,-1.833994698185234196e+00,1.162009055681194392e+00,-8.758629498203068797e-01
-2.979942806372570807e-01,1.042276814425338927e+00,2.227258164903236803e+00,-1.213055570339331535e+00,-8.108750829714065356e-01
-4.858561743287601042e-01,-1.785277642332456227e-01,9.243947532850644855e-01,2.187119143048824599e-01,8.483897000993827486e-01
9.390269814726340813e-01,1.748508302376170054e+00,-9.742158047600120163e-01,1.924377506487938261e+00,7.668999813356666695e-02
-1.382626472767497283e+00,-4.007092532241976479e-02,1.125065156200291794e+00,5.182693809372552751e-01,4.273916678920174905e-01
4.503526049212714932e-01,1.893752298906645759e+00,1.731208805342391521e+00,1.772858158659645911e+00,-3.258699989751164261e-01
-1.139239806800976140e+00,1.749113137930849771e+00,6.519369566021554485e-01,5.563819019341816746e-02,9.629076334448751773e-01
1.075212624897307512e+00,-5.620642885370197295e-01,-1.554300917282933847e+00,-1.105796497007966589e-01,-2.592868228450328494e-01
7.063922284450655509e-01,-8.545805887676858337e-01,-2.130911830959965947e+00,5.985876525065007142e-02,1.703632127930937656e+00
1.395671982018484858e+00,5.705332194918789623e-01,-7.409485914891745795e-01,-1.537837273294637708e+00,-8.978573445648789786e-01
1.029795457503446920e+00,6.416947147928747652e-01,-7.200140681418175648e-01,-9.996506796409972972e-01,1.408636808526349871e+00
1.959886303528735496e+00,2.410687648481577849e-01,-3.926126813069349408e-01,4.459539263257910058e-01,-4.173171898720702822e-01
9.971240998165558089e-01,-6.223502467155735962e-01,-2.548935016580634816e+00,2.063985085722011212e-02,-1.451703759362325874e+00
4.674198843970979733e-01,1.839258521548408964e+00,7.685571294551767352e-01,-5.042727433604663467e-01,-1.664542194680417975e+00
1.671122212974526011e+00,-1.925593920369190304e+00,-2.603291353784230822e+00,1.124342507140316250e-01,1.004714064688716046e+00
4.191010749623854115e-01,-8.033016598852142920e-01,-1.331104247988914580e+00,-1.917510960838657852e-01,9.708951427603580431e-01
-4.976679354848226877e-01,-3.350710003762475964e-01,6.100209381374690487e-01,-2.745756253529928470e-01,3.031315937165572350e-01
-1.098641262104218974e+00,7.658685915609397821e-02,-3.066972796552765446e-01,8.805075990033064404e-01,-1.021865781647345539e+00
8.766967611110590974e-01,1.385010205096746660e-01,-4.960861098235522237e-02,-1.733413165828174007e-01,1.303031824244630599e+00
-2.354310218170310720e-01,1.776714469634590010e+00,6.036514513116710834e-01,4.697597519150862877e-01,2.340857045925961999e-01
-1.577186434807460458e+00,-5.504832349166557393e-01,8.675261960439152320e-01,-5.727014734058942791e-01,-4.324802350526782413e-01
-4.118494288730737418e-01,-1.138831585376287592e-01,1.326754938390495298e-01,7.807733213383987181e-01,5.378771193333107270e-01
-7.368595636780448377e-01,-4.383638260145799048e-01,8.574757691363001921e-01,-3.553944887877997540e-03,9.742784401774462477e-01
1.338436580784539309e+00,6.129258694879859970e-01,6.686565521625400521e-01,-1.450253413661039881e+00,-7.788158894387764430e-02
1.003494356297581991e+00,-1.077281541584762081e+00,-2.640039815566643799e+00,5.028743411025251575e-01,3.691315442708100192e-01
-1.631361797746336828e+00,8.904192266227777264e-01,1.017473366151323333e+00,-6.054895482746441848e-01,-2.761191575532787601e-01
-4.764765297800112598e-01,5.349717597520242673e-01,9.335183610382049579e-01,6.390632874842178124e-01,-2.512133753176649664e-01
-3.175870721793946361e-01,-4.967943345066753169e-01,3.744128239529725954e-02,3.544229911147901008e-02,-5.541114518295880975e-01
7.580118043305916764e-01,-2.043394673857612975e+00,-2.250313528127730223e+00,-1.890222450257320330e-01,1.006326741455871643e+00
-1.367158150816031759e+00,1.055183460075882484e-01,5.380675889725631267e-01,-1.430596612446384697e+00,-3.937879817237818214e-01
-2.875287631219508588e-02,-7.254013702306800759e-01,-5.406752150409588342e-01,-2.193594871557146275e-01,-4.827233329787403160e-01
-7.579123420364214381e-01,-1.705879555813449855e-02,-6.281980616794635708e-01,-6.021595852504308538e-02,-1.850496757511181700e+00
-1.675661282407761021e-01,-1.013871766267679719e+00,-2.095571615284541611e-02,-2.414934244321259804e+00,-6.531889766357812377e-02
6.180702702226008594e-01,2.379389992132620590e-01,-1.363784450601918774e+00,-6.668423425993740272e-01,1.093900423050333748e+00
-1.131671638669304647e+00,1.009696893129995665e+00,1.577729480457026323e+00,-8.661087668812214591e-02,3.142822536742827244e-02
-1.631264536005402999e+00,9.306723013645733511e-01,1.489694584637926367e+00,1.742004263604781888e+00,-1.083054081483732167e+00
-2.404589797296357023e-01,-7.329064183235002305e-01,-1.251386518782046542e+00,-1.184375677670643917e-01,8.308872967039003798e-01
6.560315691240959923e-01,9.140429433078433030e-01,-7.727205021319213385e-01,-4.839382084937889350e-01,1.683276895300745313e+00
-8.779875900358210528e-01,-9.427582224400341548e-01,-8.972779870584568496e-02,7.519743444544441102e-01,9.797805542667312184e-02
-2.259350287041008709e-01,1.043938586327159079e+00,1.226600886083987429e+00,1.065675338503360603e+00,-2.143162176473865088e-01
2.348572539631450073e+00,-1.579168188136094608e+00,-1.659937646656345134e+00,-5.146508805038211287e-01,3.041438614779404137e+00
8.610297664670687467e-01,1.005777726453675802e+00,1.395478072855643736e-01,4.144918209445784263e-01,-1.028798898274077223e+00
-1.546607152508517213e+00,1.748624814180764098e+00,1.165127298642324005e+00,1.773244342183935673e+00,-8.759487743572246243e-01
9.648195432804187455e-01,-1.813918790632857714e-01,5.555440828506950091e-01,-7.762949151068778697e-01,-6.109422263554786792e-01
2.648421484011283411e+00,-6.386897187639241080e-01,-2.388803734761401731e+00,5.418564458107888449e-01,1.268980539809728247e+00
4.100338377825461511e-01,-4.509215906380348859e-01,7.698351874643960535e-03,2.840412014582674449e-02,-2.920852517520163616e+00
2.741351895141733719e-01,5.686400504012742996e-01,4.371814315986090604e-01,6.456239776677563658e-01,1.222664536385090317e+00
-1.978536341959054923e+00,5.683384024953127556e-01,-3.204800731022051097e-01,6.739524066939281965e-01,-8.101966775013571542e-01
-1.178863612293522323e+00,5.033091857565729077e-01,2.686647054881673991e-01,1.258911704577907020e+00,-7.776924636942228464e-01
-1.381054593572371481e+00,1.252526094268296530e+00,2.678740768074503009e+00,6.011244238654129407e-02,1.207519006538265716e+00
-8.427643020506199178e-01,6.130128497063291881e-02,-7.309363818203785668e-01,-8.344632943208903919e-01,4.809114551180282415e-01
-1.107840333988538706e-01,9.012750688797376286e-01,1.999729834465981404e-01,1.427922498488179981e+00,4.850070379476451032e-01
-9.280785613011064417e-01,5.016588560071397751e-01,2.615727706693571353e+00,7.128167896399153491e-01,7.675152550585588873e-01
-1.736182444862933716e-01,-2.155073588598199474e-01,-6.999196177728621571e-01,-3.723380691716973168e-01,1.227251225530448936e-01
-9.149996569421899872e-01,6.430976393527942925e-02,-2.554094775844878429e-01,-1.572081958140503000e+00,8.571054079824180771e-01
1.463954691723472923e+00,-7.658354085292469193e-01,-1.662436795830720015e+00,-5.075152089886617590e-01,1.500381226244457356e+00
-2.168370882103505259e+00,1.470507735958021645e+00,2.005712590071488499e+00,1.423444868482737768e-01,4.715479955528192879e-01
-3.068099317158770933e+00,2.437503046390608663e+00,2.818918193694100349e+00,1.963865431470368739e+00,6.149425007634681806e-02
6.501296135868327442e-01,-3.246379661586206722e-01,-1.221848104301688887e+00,-1.088265081826271130e+00,1.444362913450537578e-01
-9.379574053627529606e-01,-2.162169359005856606e+00,3.656025303506771351e-01,-1.516145872227221192e+00,-1.152412730464441148e+00
-1.956957370055321999e+00,6.996754034126322352e-01,9.617292799869241460e-01,1.455195850806239477e+00,9.865177900490958995e-01
4.096771735083564181e-01,-2.435403875894343706e+00,-2.204064483289891463e-01,-1.461376197754826967e+00,-1.162292114801597886e+00
7.464718896428060857e-01,3.597392905546110964e-02,-1.288299242793870203e+00,3.816419639050173257e-02,-1.019119016923186738e+00
5.739670852542818613e-01,1.152375440820054830e+00,1.468022489359425586e+00,8.079131859931628634e-01,-1.197096820453661170e+00
3.462297336781811619e-01,1.517381486676358859e+00,-6.001468106909284561e-01,1.083832586746882320e+00,-4.052111281737467152e-01
1.576487864645542025e+00,6.713484917884601222e-01,1.804081710111205550e-01,2.961790439078424986e-01,-8.794267232707249360e-02
-1.425380895064378262e+00,1.873450557383243398e+00,-3.205354981973742579e-01,1.067225470146866556e-01,-1.301409323553326391e+00
-1.525342010465875475e-01,-2.995443499148974231e-01,1.225836062568948504e-01,3.342784865612935530e-01,1.425817730622965129e+00
-1.599661729325391191e-01,-3.186304334155188878e-01,-3.384749772127304546e-01,1.146185926436523950e+00,5.822027581167168314e-02
1.791140001802592252e+00,-7.056791510704644166e-01,8.811655007962071462e-02,1.069913240809499122e+00,-9.153758379337768591e-01
-1.926521946620516346e+00,-2.183400062507090678e-01,1.086975688869953327e+00,4.782300857874419164e-01,5.688448287490452948e-01
-1.515662151554409143e-01,-1.061226586846782061e+00,-4.188230782926393170e-01,-8.894023768266227092e-01,1.340605149377112504e+00
2.874833669989474982e-01,-6.545401768994623115e-01,-8.831589968799444801e-01,-1.074444052561640772e+00,6.202412707678690573e-01
-6.483237269748883813e-01,5.497096721811993714e-01,1.241743959859129554e+00,-8.050622260552392495e-01,-1.213303503181401150e-01
-3.762683649699403166e-01,-1.799696925196031749e+00,-6.783355446867562755e-01,-6.295034451491042793e-01,1.164481836062156273e+00
-1.769214117686356946e+00,8.444447254089471055e-01,1.470484180974995336e+00,-1.312962000726411782e+00,-3.682614928493282286e-02
2.112634411055176020e+00,-1.750615982360089085e+00,-2.527723184891146779e+00,-2.247986170421339303e+00,1.249806920427952495e+00
4.471764084827738461e-01,-2.805096039213648140e-01,-1.428727912456263738e+00,-3.186529005860397890e-01,1.575821073143291173e-01
-2.022393909190495442e+00,1.485304165549677702e+00,1.597482324610431492e+00,2.061573928265099664e-01,6.893958531187281968e-01
-2.278748592793305161e-01,1.161078571724016434e-01,5.158308374711116917e-01,8.917765462305390911e-02,-6.523584474696320079e-01
-1.407183110442589702e-01,-1.176870461907135290e+00,2.719918350683269148e-01,-1.603908033219293650e+00,7.766185012904927021e-01
-1.952903900588249808e-01,2.250853853688911332e+00,2.720419865919840863e+00,2.061500409656750743e-01,7.901931577709946364e-01
-1.935298578872833408e+00,6.871346876272304005e-01,2.271357255181104318e+00,5.098699074646986240e-01,-1.341496653080382906e+00
1.551244764505863294e-01,-8.219796044491690656e-01,3.981778769509336513e-02,-8.068815148774359791e-01,-1.015598062245931299e+00
1.512429287907637532e+00,2.108023333302329883e-01,-7.731288476846144286e-01,-2.406413797536442051e-02,-1.333737986990717994e+00
-4.140347049502719479e-01,-2.272252588001853479e-01,-2.486439840670473078e+00,-9.157397322219811286e-01,4.376703049793351230e-01
-9.116922463848724512e-01,2.155052844133365397e+00,2.788650454148169811e+00,4.138690829393603665e-01,-3.583882417224299455e-01
-2.017286832276838915e+00,1.252744925050530256e+00,1.312431592070983921e+00,1.079651299072059700e+00,-1.079265409217018190e+00
-4.430817516616536444e-01,6.978785816768663386e-01,2.005137623983765383e-01,3.887121389475154398e-01,-9.136812787131790570e-01
2.422738001788501627e+00,2.995922893475133630e-02,-1.000401255264121270e+00,6.160105470465504496e-01,7.681555687991852288e-01
8.232852487157402699e-01,-7.584599650774817015e-01,-2.571541875137315913e-01,-6.229641176760287724e-01,-7.497074617150484288e-01
1.678957599601477835e+00,3.224637546432568280e-01,-3.141300828692750180e-01,7.246769531491449590e-02,-3.665754095508459431e-01
-8.165875889436341462e-01,-5.480410848187744488e-01,2.037253835717284245e-02,-1.588904667238651425e-01,8.132880104722298720e-01
-5.784987826664038657e-01,3.185928442782728354e-01,3.759768639684201164e-01,5.078259504280718817e-01,1.144535524996505460e+00
5.748459136964855221e-01,4.791152034669939885e-01,1.219695229138419990e+00,-5.161110141003931728e-01,-5.818312667907318825e-02
-5.088338318152914042e-01,-5.273012575105950894e-01,-6.601119710870163582e-01,-1.627269789483277052e+00,-2.685957132076975951e-01
8.182613705752600497e-01,-1.135537328303037885e+00,-2.251978933227939628e+00,8.528102791698943808e-02,-1.450527920890585520e-01
2.374011638304188709e-01,-1.065039874706726231e+00,1.097465492818203714e+00,-8.612693020228692209e-01,-2.933694358331927557e-02
1.250465895727717935e+00,-3.170842668681500331e+00,-3.158850874719266955e+00,-1.223571452632426088e-01,-1.674707285980332028e+00
-1.612089062212121338e+00,8.594424090111749681e-01,7.318937928148879779e-01,7.388572484958757514e-01,1.511767914119761969e+00
-2.824652445308185378e+00,-7.306889026309054680e-01,-1.652553675443235726e-01,9.484775810722896328e-01,1.917268836661933651e-01
-8.400193541826110888e-01,8.058313144707791587e-01,1.576508349956756705e+00,1.354443477907756099e+00,-6.610391240162185600e-01
6.108002894974162711e-01,-2.531894851129382062e-01,1.640937724546217280e-01,-2.385975128198715711e-01,6.348718193853329916e-01
-3.629548181873951118e-01,5.571377514497682926e-02,2.162390016196827081e-01,3.221758631894437452e-01,-2.719128592572908065e-01
8.480256987039376249e-01,2.757881384174749595e-01,-1.382431526459982352e-01,6.588779791879628700e-02,1.966510788773867313e+00
-5.901148929921573583e-02,7.010931002129124900e-01,1.549401298040720576e+00,1.076277834851785409e+00,2.181414100047578852e+00
7.038142795154815889e-01,-8.937650369963979768e-01,-9.957914487515580060e-01,9.409387467818233763e-02,-1.358964125014091584e+00
7.478037805638717561e-01,-9.636391786003466464e-01,-1.396826838276572058e+00,-3.539598916821274921e-01,-2.777848352254663200e-01
2.981425048379139353e-01,4.295600608912445439e-01,-1.088582332196779134e-01,-2.442338295846304130e-01,-1.466109944752101768e+00
-1.099707768606418279e+00,-3.219815149823824774e-01,-6.212071086462205294e-01,-1.027278643268848990e+00,1.597438118706474786e+00
1.417757025664954984e+00,-1.505072061226527369e+00,-1.488567610989733003e+00,-4.633206454910285821e-01,6.838350452995288764e-01
8.228656911675890084e-01,-5.272234117182977853e-01,3.037711130482467770e-02,-8.391166636542962687e-01,1.103166416692026974e+00
4.445646586349675244e-01,3.588367987506435597e-01,1.358516939263779477e+00,2.065945622152958461e-01,6.757019693354424650e-01
3.183400364528352067e-01,-1.365392315014119617e+00,-4.526424767654032566e-01,-2.812456659441453066e+00,9.619426177928537547e-02
1.070911668300572606e+00,9.238324980585294055e-02,-1.155970788972419783e+00,8.361060811513150171e-01,-6.767459030956554100e-01
8.494010539247035529e-01,-5.080990527249967803e-01,-1.086250375159663717e+00,-9.703122800394043956e-01,1.007168838016301748e+00
5.195968444431375843e-01,-1.634347012528996945e+00,-1.621705939141982578e+00,-6.406888263590541088e-01,-1.387741549780777683e+00
1.041019364387644475e-01,-9.219478320440619434e-01,-4.020483634958013086e-01,-4.579602624630753627e-01,1.943632391611624655e-01
-1.555952618865455772e+00,4.658047702343628971e-01,7.446339333635600966e-01,8.616914073205503843e-01,-6.452384363395944344e-01
1.100592080825267383e+00,5.030194207840136267e-01,1.365803680694313238e+00,9.670978602309449057e-01,1.094116470721753220e+00
1.773817638627143811e+00,-1.557203077174849071e+00,-1.987468128777698517e+00,-7.739813003943775138e-01,3.354263478432812917e-01
2.343121147437758345e-01,1.176045905897997734e-01,-4.798719254147682522e-01,-3.480708823807374674e-01,1.365019747896972113e+00
-1.386555839086556663e+00,1.487630195805560440e+00,1.617227341137392749e+00,1.540518657699222471e+00,5.456930130721677763e-01
8.522940046796726454e-01,-3.747615123386908720e-01,7.052804740013290941e-01,-3.150712292612158905e-01,8.397213400652479010e-01
-8.012641253645204076e-01,6.485620576666435433e-01,9.865486541045276336e-02,5.959374257288737597e-01,6.265577937162405409e-01
2.107535130245639543e+00,-1.002850184058107219e+00,-1.545068590736436320e+00,-1.077293174153899580e+00,3.543035393001242039e-01
